{"1": [37.77933345, -122.4039942], "2": [37.797054, -122.410048], "3": [37.7866453, -122.419320475942], "4": [37.7728017, -122.3891338], "5": [37.780604, -122.430644], "6": [37.769317, -122.43103775], "7": [37.7601398, -122.415117853101], "8": [37.77726425, -122.396732514622], "9": [37.74524125, -122.401260363639], "10": [37.7856096, -122.446820811935], "11": [37.7487702, -122.426456834022], "12": [37.76349705, -122.452642483039], "13": [37.7955437, -122.401385504319], "14": [37.7790025, -122.486039348477], "15": [37.7234515, -122.452889686526], "16": [37.79866695, -122.436734399265], "17": [37.72751265, -122.385043729742], "18": [37.75099125, -122.490556104864], "19": [37.72784295, -122.478905199303], "20": [37.7511885, -122.456199312275], "21": [37.7755401428571, -122.440366571429], "22": [37.76398385, -122.473689577578], "23": [37.76141855, -122.504636768136], "24": [37.753175, -122.440944], "25": [37.751144, -122.385198], "26": [37.740138532591, -122.433425995802], "27": [37.8025357142857, -122.409502857143], "28": [37.7661604, -122.40439035], "29": [37.77985115, -122.471206775916], "30": [37.7364685510204, -122.421249428571], "31": [37.710962125, -122.4588971875], "32": [37.77947145, -122.502640675994], "33": [37.790548, -122.389072], "34": [37.774983, -122.421238752203], "35": [37.75740585, -122.399234948483], "36": [37.7897373, -122.429958], "37": [37.7400219, -122.458675689933], "38": [37.7476724489796, -122.475049734694], "39": [37.7933180769231, -122.41628], "40": [37.731690375, -122.4053925], "41": [37.7162557142857, -122.431528918367], "42": [37.716665, -122.400266], "43": [37.76737, -122.4775072], "44": [37.7412366103496, -122.384966487423], "45": [37.8011787, -122.455432]}